{"properties": [
  {
    "name": "jwt.secret",
    "type": "java.lang.String",
    "description": "A description for 'jwt.secret'"
  },
  {
    "name": "jwt.get.token.uri",
    "type": "java.lang.String",
    "description": "A description for 'jwt.get.token.uri'"
  },
  {
    "name": "amazonProperties.endpointUrl",
    "type": "java.lang.String",
    "description": "A description for 'amazonProperties.endpointUrl'"
  },
  {
    "name": "amazonProperties.accessKey",
    "type": "java.lang.String",
    "description": "A description for 'amazonProperties.accessKey'"
  },
  {
    "name": "amazonProperties.secretKey",
    "type": "java.lang.String",
    "description": "A description for 'amazonProperties.secretKey'"
  },
  {
    "name": "amazonProperties.bucketName",
    "type": "java.lang.String",
    "description": "A description for 'amazonProperties.bucketName'"
  },
  {
    "name": "amazonProperties.endpointUrl",
    "type": "java.lang.String",
    "description": "A description for 'amazonProperties.endpointUrl'"
  },
  {
    "name": "amazonProperties.endpointUrl",
    "type": "java.lang.String",
    "description": "A description for 'amazonProperties.endpointUrl'"
  },
  {
    "name": "amazonProperties.accessKey",
    "type": "java.lang.String",
    "description": "A description for 'amazonProperties.accessKey'"
  }
]}